{
    "dt": {
        "features:3_cv_mean": 0.8,
        "features:3_cv_std": 0.12747548783981963,
        "features:3_feature_names": [
            155,
            495,
            641
        ],
        "features:5_cv_mean": 0.8,
        "features:5_cv_std": 0.07288689868556626,
        "features:5_feature_names": [
            299,
            338,
            641,
            660,
            1037
        ],
        "features:8_cv_mean": 0.840625,
        "features:8_cv_std": 0.05266343608235224,
        "features:8_feature_names": [
            241,
            319,
            495,
            641,
            764,
            797,
            891,
            1136
        ],
        "features:10_cv_mean": 0.75,
        "features:10_cv_std": 0.11180339887498948,
        "features:10_feature_names": [
            206,
            281,
            325,
            333,
            495,
            546,
            573,
            608,
            641,
            915
        ],
        "features:15_cv_mean": 0.875,
        "features:15_cv_std": 0.03952847075210474,
        "features:15_feature_names": [
            114,
            118,
            154,
            266,
            357,
            447,
            495,
            573,
            619,
            641,
            817,
            818,
            826,
            923,
            1107
        ],
        "features:20_cv_mean": 0.7875,
        "features:20_cv_std": 0.049999999999999996,
        "features:20_feature_names": [
            124,
            127,
            143,
            208,
            271,
            275,
            298,
            333,
            447,
            495,
            521,
            547,
            573,
            584,
            589,
            608,
            641,
            660,
            665,
            765
        ],
        "features:25_cv_mean": 0.825,
        "features:25_cv_std": 0.07288689868556626,
        "features:25_feature_names": [
            29,
            61,
            78,
            143,
            189,
            207,
            244,
            330,
            367,
            444,
            448,
            487,
            495,
            525,
            531,
            623,
            641,
            668,
            845,
            965,
            994,
            1019,
            1047,
            1273,
            1274
        ],
        "features:30_cv_mean": 0.85,
        "features:30_cv_std": 0.08477912478906585,
        "features:30_feature_names": [
            44,
            66,
            90,
            91,
            154,
            187,
            207,
            215,
            234,
            273,
            294,
            325,
            333,
            334,
            375,
            409,
            495,
            545,
            569,
            573,
            584,
            608,
            623,
            641,
            664,
            803,
            843,
            1042,
            1079,
            1253
        ]
    },
    "rf": {
        "features:3_cv_mean": 0.8703125,
        "features:3_cv_std": 0.12179484543690673,
        "features:3_feature_names": [
            406,
            660,
            666
        ],
        "features:5_cv_mean": 0.9265625,
        "features:5_cv_std": 0.022963966338592292,
        "features:5_feature_names": [
            275,
            502,
            619,
            962,
            981
        ],
        "features:8_cv_mean": 0.903125,
        "features:8_cv_std": 0.07355376434962388,
        "features:8_feature_names": [
            406,
            486,
            580,
            637,
            666,
            675,
            876,
            1295
        ],
        "features:10_cv_mean": 0.9171875,
        "features:10_cv_std": 0.05879652413195868,
        "features:10_feature_names": [
            418,
            600,
            617,
            666,
            683,
            839,
            902,
            962,
            966,
            1037
        ],
        "features:15_cv_mean": 0.8921875,
        "features:15_cv_std": 0.054665174014174686,
        "features:15_feature_names": [
            121,
            195,
            219,
            324,
            444,
            524,
            538,
            616,
            619,
            660,
            852,
            886,
            962,
            968,
            1238
        ],
        "features:20_cv_mean": 0.9015625,
        "features:20_cv_std": 0.06163463413536256,
        "features:20_feature_names": [
            139,
            316,
            406,
            411,
            521,
            580,
            656,
            666,
            675,
            721,
            818,
            884,
            915,
            921,
            927,
            943,
            962,
            983,
            1143,
            1252
        ],
        "features:25_cv_mean": 0.871875,
        "features:25_cv_std": 0.10899487516622054,
        "features:25_feature_names": [
            59,
            123,
            185,
            299,
            405,
            483,
            492,
            495,
            504,
            609,
            619,
            633,
            637,
            669,
            695,
            730,
            840,
            896,
            931,
            951,
            1037,
            1042,
            1132,
            1168,
            1209
        ],
        "features:30_cv_mean": 0.8484375,
        "features:30_cv_std": 0.11010914329654918,
        "features:30_feature_names": [
            104,
            131,
            195,
            220,
            270,
            308,
            344,
            394,
            407,
            489,
            492,
            513,
            563,
            581,
            629,
            633,
            661,
            666,
            683,
            687,
            716,
            841,
            874,
            893,
            921,
            935,
            1105,
            1284,
            1293,
            1318
        ]
    },
    "lda": {
        "features:3_cv_mean": 0.778125,
        "features:3_cv_std": 0.12159422786464824,
        "features:3_feature_names": [
            103,
            913,
            1175
        ],
        "features:5_cv_mean": 0.815625,
        "features:5_cv_std": 0.10336147130338268,
        "features:5_feature_names": [
            103,
            706,
            913,
            1175,
            1209
        ],
        "features:8_cv_mean": 0.896875,
        "features:8_cv_std": 0.08361930100162282,
        "features:8_feature_names": [
            103,
            135,
            706,
            913,
            1116,
            1123,
            1175,
            1209
        ],
        "features:10_cv_mean": 0.928125,
        "features:10_cv_std": 0.10345590848279282,
        "features:10_feature_names": [
            103,
            135,
            706,
            913,
            1093,
            1116,
            1123,
            1175,
            1209,
            1288
        ],
        "features:15_cv_mean": 0.94375,
        "features:15_cv_std": 0.07167090588237322,
        "features:15_feature_names": [
            2,
            61,
            103,
            108,
            135,
            381,
            418,
            706,
            913,
            1093,
            1116,
            1123,
            1175,
            1209,
            1288
        ],
        "features:20_cv_mean": 0.946875,
        "features:20_cv_std": 0.06525191568069094,