{
    "dt": {
        "features:3_cv_mean": 0.81875,
        "features:3_cv_std": 0.075,
        "features:3_feature_names": [
            495,
            573,
            993
        ],
        "features:5_cv_mean": 0.7875,
        "features:5_cv_std": 0.08477912478906585,
        "features:5_feature_names": [
            126,
            406,
            495,
            993,
            1282
        ],
        "features:8_cv_mean": 0.7875,
        "features:8_cv_std": 0.075,
        "features:8_feature_names": [
            1,
            166,
            198,
            394,
            495,
            993,
            1282,
            1407
        ],
        "features:10_cv_mean": 0.8375,
        "features:10_cv_std": 0.08477912478906585,
        "features:10_feature_names": [
            155,
            495,
            573,
            608,
            650,
            655,
            682,
            696,
            971,
            993
        ],
        "features:15_cv_mean": 0.7875,
        "features:15_cv_std": 0.17940875118009156,
        "features:15_feature_names": [
            162,
            168,
            277,
            299,
            553,
            555,
            609,
            638,
            697,
            993,
            1103,
            1357,
            1391,
            1442,
            1581
        ],
        "features:20_cv_mean": 0.825,
        "features:20_cv_std": 0.11456439237389601,
        "features:20_feature_names": [
            80,
            317,
            325,
            495,
            496,
            523,
            544,
            573,
            583,
            597,
            608,
            657,
            663,
            696,
            781,
            784,
            993,
            1168,
            1394,
            1512
        ],
        "features:25_cv_mean": 0.7875,
        "features:25_cv_std": 0.0637377439199098,
        "features:25_feature_names": [
            10,
            24,
            26,
            70,
            85,
            98,
            187,
            211,
            244,
            310,
            318,
            324,
            356,
            388,
            477,
            495,
            525,
            553,
            608,
            627,
            993,
            1037,
            1074,
            1391,
            1469
        ],
        "features:30_cv_mean": 0.8375,
        "features:30_cv_std": 0.10897247358851683,
        "features:30_feature_names": [
            187,
            217,
            232,
            262,
            290,
            299,
            318,
            329,
            369,
            377,
            418,
            463,
            483,
            520,
            546,
            572,
            577,
            579,
            610,
            993,
            1038,
            1047,
            1112,
            1238,
            1300,
            1360,
            1435,
            1442,
            1445,
            1643
        ]
    },
    "rf": {
        "features:3_cv_mean": 0.8984375,
        "features:3_cv_std": 0.051348989766109326,
        "features:3_feature_names": [
            405,
            804,
            1047
        ],
        "features:5_cv_mean": 0.9140625,
        "features:5_cv_std": 0.054575778739290565,
        "features:5_feature_names": [
            156,
            405,
            804,
            1018,
            1314
        ],
        "features:8_cv_mean": 0.9359375,
        "features:8_cv_std": 0.04697905118241534,
        "features:8_feature_names": [
            302,
            404,
            611,
            804,
            1018,
            1047,
            1333,
            1344
        ],
        "features:10_cv_mean": 0.9203125,
        "features:10_cv_std": 0.0445791956802722,
        "features:10_feature_names": [
            287,
            311,
            451,
            771,
            985,
            1012,
            1018,
            1159,
            1316,
            1530
        ],
        "features:15_cv_mean": 0.8828125,
        "features:15_cv_std": 0.09707640354380667,
        "features:15_feature_names": [
            314,
            319,
            361,
            362,
            406,
            563,
            581,
            598,
            618,
            828,
            946,
            1012,
            1018,
            1152,
            1473
        ],
        "features:20_cv_mean": 0.909375,
        "features:20_cv_std": 0.07238271763687794,
        "features:20_feature_names": [
            82,
            115,
            123,
            148,
            210,
            243,
            318,
            319,
            404,
            813,
            916,
            928,
            969,
            1012,
            1018,
            1027,
            1142,
            1214,
            1292,
            1346
        ],
        "features:25_cv_mean": 0.8671875,
        "features:25_cv_std": 0.046875,
        "features:25_feature_names": [
            63,
            121,
            133,
            287,
            417,
            543,
            596,
            696,
            771,
            864,
            894,
            902,
            916,
            1008,
            1036,
            1047,
            1116,
            1126,
            1151,
            1169,
            1262,
            1279,
            1324,
            1381,
            1416
        ],
        "features:30_cv_mean": 0.884375,
        "features:30_cv_std": 0.07115810960459812,
        "features:30_feature_names": [
            60,
            322,
            331,
            393,
            406,
            407,
            456,
            515,
            609,
            795,
            947,
            987,
            997,
            1008,
            1009,
            1012,
            1018,
            1027,
            1036,
            1042,
            1090,
            1143,
            1144,
            1160,
            1165,
            1230,
            1272,
            1314,
            1318,
            1372
        ]
    },
    "lda": {
        "features:3_cv_mean": 0.775,
        "features:3_cv_std": 0.13317047345414074,
        "features:3_feature_names": [
            9,
            937,
            1265
        ],
        "features:5_cv_mean": 0.7875,
        "features:5_cv_std": 0.13057864009860112,
        "features:5_feature_names": [
            9,
            426,
            937,
            1265,
            1520
        ],
        "features:8_cv_mean": 0.825,
        "features:8_cv_std": 0.14803399102908765,
        "features:8_feature_names": [
            9,
            426,
            856,
            937,
            1211,
            1265,
            1390,
            1520
        ],
        "features:10_cv_mean": 0.834375,
        "features:10_cv_std": 0.16195823149812424,
        "features:10_feature_names": [
            9,
            186,
            426,
            856,
            937,
            974,
            1211,
            1265,
            1390,
            1520
        ],
        "features:15_cv_mean": 0.834375,
        "features:15_cv_std": 0.16464924840399364,
        "features:15_feature_names": [
            9,
            107,
            186,
            384,
            389,
            426,
            856,
            937,
            974,
            1015,
            1211,
            1265,
            1340,
            1390,
            1520
        ],
        "features:20_cv_mean": 0.81875,
        "features:20_cv_std": 0.18371173070873836,