{
    "dt": {
        "features:3_cv_mean": 0.825,
        "features:3_cv_std": 0.082915619758885,
        "features:3_feature_names": [
            553,
            930,
            1437
        ],
        "features:5_cv_mean": 0.8484375,
        "features:5_cv_std": 0.029481191037676886,
        "features:5_feature_names": [
            149,
            823,
            930,
            1329,
            1504
        ],
        "features:8_cv_mean": 0.8,
        "features:8_cv_std": 0.07288689868556626,
        "features:8_feature_names": [
            247,
            255,
            293,
            503,
            892,
            930,
            1141,
            1479
        ],
        "features:10_cv_mean": 0.8,
        "features:10_cv_std": 0.07288689868556626,
        "features:10_feature_names": [
            67,
            95,
            172,
            328,
            930,
            937,
            1242,
            1254,
            1269,
            1319
        ],
        "features:15_cv_mean": 0.9,
        "features:15_cv_std": 0.049999999999999996,
        "features:15_feature_names": [
            24,
            77,
            169,
            189,
            192,
            372,
            408,
            504,
            561,
            674,
            758,
            930,
            983,
            1114,
            1604
        ],
        "features:20_cv_mean": 0.8875,
        "features:20_cv_std": 0.09185586535436918,
        "features:20_feature_names": [
            17,
            39,
            58,
            105,
            120,
            121,
            126,
            147,
            161,
            206,
            223,
            274,
            542,
            930,
            1047,
            1111,
            1202,
            1220,
            1471,
            1595
        ],
        "features:25_cv_mean": 0.875,
        "features:25_cv_std": 0.03952847075210474,
        "features:25_feature_names": [
            52,
            65,
            79,
            104,
            112,
            120,
            147,
            152,
            163,
            192,
            204,
            205,
            265,
            269,
            378,
            471,
            505,
            549,
            759,
            930,
            934,
            973,
            1005,
            1131,
            1229
        ],
        "features:30_cv_mean": 0.9,
        "features:30_cv_std": 0.049999999999999996,
        "features:30_feature_names": [
            29,
            49,
            57,
            99,
            113,
            123,
            132,
            169,
            230,
            241,
            253,
            324,
            328,
            329,
            372,
            415,
            416,
            455,
            548,
            603,
            758,
            844,
            930,
            1086,
            1099,
            1151,
            1206,
            1212,
            1350,
            1666
        ]
    },
    "rf": {
        "features:3_cv_mean": 0.8640625,
        "features:3_cv_std": 0.1,
        "features:3_feature_names": [
            912,
            930,
            1306
        ],
        "features:5_cv_mean": 0.8859375,
        "features:5_cv_std": 0.10627297545707469,
        "features:5_feature_names": [
            127,
            831,
            873,
            930,
            1622
        ],
        "features:8_cv_mean": 0.8796875,
        "features:8_cv_std": 0.06202947887899753,
        "features:8_feature_names": [
            64,
            275,
            390,
            903,
            930,
            939,
            961,
            1003
        ],
        "features:10_cv_mean": 0.9109375,
        "features:10_cv_std": 0.04624577683421482,
        "features:10_feature_names": [
            55,
            127,
            460,
            481,
            666,
            885,
            903,
            930,
            934,
            1564
        ],
        "features:15_cv_mean": 0.9015625,
        "features:15_cv_std": 0.08306271162501258,
        "features:15_feature_names": [
            239,
            272,
            294,
            304,
            367,
            460,
            632,
            813,
            822,
            930,
            980,
            1306,
            1468,
            1564,
            1676
        ],
        "features:20_cv_mean": 0.9140625,
        "features:20_cv_std": 0.06665852814906732,
        "features:20_feature_names": [
            127,
            245,
            277,
            400,
            416,
            439,
            774,
            865,
            894,
            930,
            964,
            966,
            985,
            1029,
            1319,
            1366,
            1419,
            1564,
            1623,
            1657
        ],
        "features:25_cv_mean": 0.8734375,
        "features:25_cv_std": 0.11613065110038778,
        "features:25_feature_names": [
            134,
            221,
            269,
            372,
            403,
            424,
            678,
            787,
            816,
            904,
            939,
            961,
            984,
            1014,
            1042,
            1253,
            1257,
            1313,
            1317,
            1379,
            1392,
            1486,
            1524,
            1550,
            1577
        ],
        "features:30_cv_mean": 0.9296875,
        "features:30_cv_std": 0.06442352540027595,
        "features:30_feature_names": [
            19,
            377,
            460,
            465,
            553,
            617,
            802,
            823,
            825,
            907,
            930,
            934,
            939,
            953,
            1012,
            1092,
            1108,
            1292,
            1351,
            1379,
            1389,
            1405,
            1415,
            1495,
            1524,
            1526,
            1556,
            1558,
            1565,
            1595
        ]
    },
    "lda": {
        "features:3_cv_mean": 0.734375,
        "features:3_cv_std": 0.09375,
        "features:3_feature_names": [
            515,
            717,
            805
        ],
        "features:5_cv_mean": 0.81875,
        "features:5_cv_std": 0.11206513173150692,
        "features:5_feature_names": [
            515,
            662,
            717,
            776,
            805
        ],
        "features:8_cv_mean": 0.846875,
        "features:8_cv_std": 0.0846638574009004,
        "features:8_feature_names": [
            515,
            662,
            717,
            776,
            805,
            872,
            1420,
            1617
        ],
        "features:10_cv_mean": 0.8625,
        "features:10_cv_std": 0.09852426731521528,
        "features:10_feature_names": [
            515,
            662,
            717,
            776,
            805,
            872,
            1000,
            1420,
            1542,
            1617
        ],
        "features:15_cv_mean": 0.88125,
        "features:15_cv_std": 0.08871918479111493,
        "features:15_feature_names": [
            30,
            515,
            662,
            717,
            776,
            805,
            829,
            872,
            991,
            1000,
            1103,
            1336,
            1420,
            1542,
            1617
        ],
        "features:20_cv_mean": 0.915625,
        "features:20_cv_std": 0.07756046028744286,