{
    "dt": {
        "features:3_cv_mean": 0.75,
        "features:3_cv_std": 0.10458250331675945,
        "features:3_feature_names": [
            63,
            541,
            984
        ],
        "features:5_cv_mean": 0.7921875,
        "features:5_cv_std": 0.07961087001785623,
        "features:5_feature_names": [
            178,
            202,
            537,
            541,
            1219
        ],
        "features:8_cv_mean": 0.825,
        "features:8_cv_std": 0.12747548783981963,
        "features:8_feature_names": [
            186,
            221,
            237,
            523,
            541,
            595,
            1050,
            1319
        ],
        "features:10_cv_mean": 0.753125,
        "features:10_cv_std": 0.03479852726768764,
        "features:10_feature_names": [
            63,
            378,
            448,
            484,
            512,
            541,
            666,
            877,
            984,
            1131
        ],
        "features:15_cv_mean": 0.7859375,
        "features:15_cv_std": 0.04728983109506736,
        "features:15_feature_names": [
            19,
            63,
            315,
            330,
            427,
            541,
            833,
            867,
            908,
            922,
            984,
            1074,
            1143,
            1251,
            1292
        ],
        "features:20_cv_mean": 0.725,
        "features:20_cv_std": 0.10897247358851683,
        "features:20_feature_names": [
            24,
            64,
            84,
            209,
            251,
            346,
            359,
            393,
            396,
            406,
            428,
            440,
            528,
            541,
            577,
            665,
            681,
            699,
            828,
            1243
        ],
        "features:25_cv_mean": 0.7625,
        "features:25_cv_std": 0.12119199643540822,
        "features:25_feature_names": [
            3,
            32,
            103,
            111,
            170,
            190,
            220,
            233,
            242,
            255,
            290,
            372,
            376,
            418,
            428,
            431,
            515,
            541,
            557,
            687,
            935,
            959,
            992,
            1095,
            1097
        ],
        "features:30_cv_mean": 0.825,
        "features:30_cv_std": 0.024999999999999998,
        "features:30_feature_names": [
            75,
            97,
            132,
            146,
            186,
            210,
            215,
            238,
            246,
            255,
            258,
            428,
            541,
            560,
            638,
            699,
            774,
            776,
            911,
            919,
            925,
            978,
            984,
            989,
            1020,
            1032,
            1148,
            1230,
            1245,
            1255
        ]
    },
    "rf": {
        "features:3_cv_mean": 0.884375,
        "features:3_cv_std": 0.07434610783356449,
        "features:3_feature_names": [
            210,
            530,
            1085
        ],
        "features:5_cv_mean": 0.90625,
        "features:5_cv_std": 0.05479899348984432,
        "features:5_feature_names": [
            157,
            210,
            215,
            351,
            530
        ],
        "features:8_cv_mean": 0.925,
        "features:8_cv_std": 0.03372973928894204,
        "features:8_feature_names": [
            186,
            210,
            284,
            351,
            772,
            806,
            1017,
            1110
        ],
        "features:10_cv_mean": 0.865625,
        "features:10_cv_std": 0.07629097259833564,
        "features:10_feature_names": [
            110,
            157,
            196,
            210,
            215,
            247,
            351,
            558,
            599,
            846
        ],
        "features:15_cv_mean": 0.846875,
        "features:15_cv_std": 0.043805768027738085,
        "features:15_feature_names": [
            107,
            154,
            174,
            210,
            215,
            284,
            351,
            506,
            509,
            530,
            800,
            901,
            917,
            1089,
            1228
        ],
        "features:20_cv_mean": 0.809375,
        "features:20_cv_std": 0.15266192735092796,
        "features:20_feature_names": [
            8,
            167,
            196,
            210,
            215,
            245,
            264,
            530,
            577,
            612,
            621,
            760,
            897,
            959,
            1061,
            1092,
            1097,
            1131,
            1139,
            1309
        ],
        "features:25_cv_mean": 0.9015625,
        "features:25_cv_std": 0.03262595784034547,
        "features:25_feature_names": [
            1,
            90,
            210,
            215,
            247,
            331,
            351,
            358,
            530,
            573,
            770,
            842,
            852,
            859,
            912,
            946,
            1019,
            1034,
            1054,
            1085,
            1105,
            1200,
            1228,
            1240,
            1263
        ],
        "features:30_cv_mean": 0.8609375,
        "features:30_cv_std": 0.07302075903467452,
        "features:30_feature_names": [
            1,
            8,
            9,
            134,
            135,
            146,
            186,
            196,
            209,
            210,
            215,
            284,
            351,
            354,
            357,
            358,
            371,
            419,
            423,
            523,
            575,
            594,
            595,
            663,
            828,
            912,
            1013,
            1230,
            1301,
            1309
        ]
    },
    "lda": {
        "features:3_cv_mean": 0.79375,
        "features:3_cv_std": 0.09024705673871032,
        "features:3_feature_names": [
            446,
            1081,
            1294
        ],
        "features:5_cv_mean": 0.803125,
        "features:5_cv_std": 0.09196211855976351,
        "features:5_feature_names": [
            240,
            446,
            1081,
            1108,
            1294
        ],
        "features:8_cv_mean": 0.859375,
        "features:8_cv_std": 0.05229125165837972,
        "features:8_feature_names": [
            125,
            240,
            446,
            461,
            949,
            1081,
            1108,
            1294
        ],
        "features:10_cv_mean": 0.896875,
        "features:10_cv_std": 0.06525191568069093,
        "features:10_feature_names": [
            125,
            240,
            446,
            461,
            949,
            1081,
            1108,
            1211,
            1269,
            1294
        ],
        "features:15_cv_mean": 0.921875,
        "features:15_cv_std": 0.03952847075210474,
        "features:15_feature_names": [
            97,
            125,
            150,
            240,
            411,
            446,
            461,
            721,
            949,
            1038,
            1081,
            1108,
            1211,
            1269,
            1294
        ],
        "features:20_cv_mean": 0.91875,
        "features:20_cv_std": 0.042389562394532926,