{
    "dt": {
        "features:3_cv_mean": 0.771875,
        "features:3_cv_std": 0.10886039655218972,
        "features:3_feature_names": [
            339,
            541,
            1060
        ],
        "features:5_cv_mean": 0.825,
        "features:5_cv_std": 0.07288689868556626,
        "features:5_feature_names": [
            363,
            403,
            541,
            896,
            1060
        ],
        "features:8_cv_mean": 0.7625,
        "features:8_cv_std": 0.12119199643540822,
        "features:8_feature_names": [
            19,
            503,
            541,
            1034,
            1174,
            1302,
            1373,
            1671
        ],
        "features:10_cv_mean": 0.775,
        "features:10_cv_std": 0.1159202311936963,
        "features:10_feature_names": [
            90,
            103,
            108,
            193,
            210,
            220,
            242,
            541,
            1184,
            1336
        ],
        "features:15_cv_mean": 0.8375,
        "features:15_cv_std": 0.0637377439199098,
        "features:15_feature_names": [
            144,
            168,
            203,
            352,
            541,
            1057,
            1060,
            1068,
            1182,
            1267,
            1287,
            1375,
            1426,
            1477,
            1671
        ],
        "features:20_cv_mean": 0.7875,
        "features:20_cv_std": 0.03061862178478973,
        "features:20_feature_names": [
            106,
            321,
            453,
            541,
            664,
            679,
            681,
            806,
            840,
            1063,
            1122,
            1279,
            1305,
            1316,
            1367,
            1382,
            1407,
            1450,
            1653,
            1671
        ],
        "features:25_cv_mean": 0.775,
        "features:25_cv_std": 0.075,
        "features:25_feature_names": [
            41,
            53,
            92,
            111,
            278,
            386,
            393,
            395,
            411,
            427,
            492,
            541,
            554,
            555,
            574,
            669,
            694,
            762,
            942,
            1010,
            1051,
            1101,
            1142,
            1334,
            1454
        ],
        "features:30_cv_mean": 0.7578125,
        "features:30_cv_std": 0.08297448779594846,
        "features:30_feature_names": [
            26,
            52,
            53,
            66,
            190,
            215,
            233,
            238,
            320,
            346,
            472,
            535,
            541,
            587,
            800,
            824,
            974,
            1018,
            1035,
            1069,
            1094,
            1151,
            1288,
            1308,
            1309,
            1324,
            1380,
            1539,
            1582,
            1646
        ]
    },
    "rf": {
        "features:3_cv_mean": 0.853125,
        "features:3_cv_std": 0.12523415568446172,
        "features:3_feature_names": [
            530,
            686,
            1534
        ],
        "features:5_cv_mean": 0.878125,
        "features:5_cv_std": 0.06803606580336638,
        "features:5_feature_names": [
            127,
            210,
            530,
            858,
            1367
        ],
        "features:8_cv_mean": 0.9296875,
        "features:8_cv_std": 0.05590169943749474,
        "features:8_feature_names": [
            186,
            210,
            215,
            351,
            530,
            541,
            885,
            1255
        ],
        "features:10_cv_mean": 0.890625,
        "features:10_cv_std": 0.04419417382415922,
        "features:10_feature_names": [
            114,
            210,
            215,
            330,
            371,
            530,
            537,
            876,
            1456,
            1493
        ],
        "features:15_cv_mean": 0.90625,
        "features:15_cv_std": 0.03458741190809165,
        "features:15_feature_names": [
            213,
            243,
            335,
            353,
            420,
            599,
            618,
            674,
            686,
            733,
            858,
            1298,
            1397,
            1557,
            1565
        ],
        "features:20_cv_mean": 0.8328125,
        "features:20_cv_std": 0.06910420121092495,
        "features:20_feature_names": [
            7,
            26,
            69,
            86,
            114,
            191,
            210,
            371,
            530,
            618,
            804,
            928,
            986,
            1013,
            1358,
            1414,
            1508,
            1548,
            1561,
            1590
        ],
        "features:25_cv_mean": 0.86875,
        "features:25_cv_std": 0.08981317414499947,
        "features:25_feature_names": [
            196,
            210,
            221,
            223,
            284,
            351,
            371,
            420,
            434,
            442,
            509,
            523,
            794,
            858,
            895,
            897,
            1013,
            1089,
            1196,
            1210,
            1244,
            1437,
            1438,
            1493,
            1503
        ],
        "features:30_cv_mean": 0.8375,
        "features:30_cv_std": 0.07385188936310295,
        "features:30_feature_names": [
            98,
            103,
            129,
            213,
            215,
            330,
            335,
            353,
            354,
            358,
            367,
            541,
            543,
            546,
            599,
            618,
            686,
            711,
            719,
            748,
            819,
            858,
            861,
            957,
            1262,
            1331,
            1453,
            1482,
            1555,
            1557
        ]
    },
    "lda": {
        "features:3_cv_mean": 0.803125,
        "features:3_cv_std": 0.07818747501998002,
        "features:3_feature_names": [
            446,
            811,
            1433
        ],
        "features:5_cv_mean": 0.809375,
        "features:5_cv_std": 0.08052561704203204,
        "features:5_feature_names": [
            410,
            446,
            811,
            1433,
            1484
        ],
        "features:8_cv_mean": 0.821875,
        "features:8_cv_std": 0.07880950133074058,
        "features:8_feature_names": [
            34,
            39,
            410,
            446,
            811,
            904,
            1433,
            1484
        ],
        "features:10_cv_mean": 0.8125,
        "features:10_cv_std": 0.07905694150420949,
        "features:10_feature_names": [
            34,
            39,
            410,
            446,
            811,
            904,
            1432,
            1433,
            1484,
            1486
        ],
        "features:15_cv_mean": 0.840625,
        "features:15_cv_std": 0.04881406047441659,
        "features:15_feature_names": [
            34,
            39,
            223,
            410,
            446,
            811,
            904,
            950,
            964,
            1263,
            1432,
            1433,
            1474,
            1484,
            1486
        ],
        "features:20_cv_mean": 0.884375,
        "features:20_cv_std": 0.05,